PRESENTED_AT_ID,Paper_ID,Edition_ID
34973,11670,36394
34974,11671,36395
34975,11672,36396
34976,11673,36397
34977,11674,36398
34978,11675,36399
34979,11676,36400
34980,11677,36396
34981,11678,36395
34982,11679,36395
34983,11680,36398
34984,11681,36401
34985,11682,36402
34986,11683,36396
34987,11684,36399
34988,11685,36402
34989,11686,36399
34990,11687,36400
34991,11688,36399
34992,11689,36396
34993,11690,36403
34994,11691,36401
34995,11692,36396
34996,11693,36402
34997,11694,36401
34998,11695,36401
34999,11696,36399
35000,11697,36402
35001,11698,36399
35002,11699,36395
35003,11700,36402
35004,11701,36399
35005,11702,36404
35006,11703,36394
35007,11704,36397
35008,11705,36398
35009,11706,36402
35010,11707,36399
35011,11708,36400
35012,11709,36396
35013,11710,36398
35014,11711,36402
35015,11712,36402
35016,11713,36394
35017,11714,36395
35018,11715,36397
35019,11716,36399
35020,11717,36399
35021,11718,36396
35022,11719,36396
35023,11720,36400
35024,11721,36402
35025,11722,36396
35026,11723,36396
35027,11724,36396
35028,11725,36403
35029,11726,36394
35030,11727,36399
35031,11728,36401
35032,11729,36404
35033,11730,36402
35034,11731,36394
35035,11732,36398
35036,11733,36404
35037,11734,36399
35038,11735,36401
35039,11736,36404
35040,11737,36404
35041,11738,36402
35042,11739,36403
35043,11740,36399
35044,11741,36396
35045,11742,36398
35046,11743,36402
35047,11744,36398
35048,11745,36403
35049,11746,36396
35050,11747,36398
35051,11748,36398
35052,11749,36396
35053,11750,36394
35054,11751,36399
35055,11752,36395
35056,11753,36402
35057,11754,36398
35058,11755,36402
35059,11756,36399
35060,11757,36402
35061,11758,36394
35062,11759,36402
35063,11760,36394
35064,11761,36402
35065,11762,36394
35066,11763,36399
35067,11764,36396
35068,11765,36404
35069,11766,36404
35070,11767,36402
35071,11768,36396
35072,11769,36402
35073,11770,36395
35074,11771,36399
35075,11772,36399
35076,11773,36402
35077,11774,36399
35078,11775,36394
35079,11776,36396
35080,11777,36395
35081,11778,36396
35082,11779,36403
35083,11780,36403
35084,11781,36394
35085,11782,36396
35086,11783,36399
35087,11784,36399
35088,11785,36397
35089,11786,36402
35090,11787,36394
35091,11788,36404
35092,11789,36395
35093,11790,36396
35094,11791,36396
35095,11792,36402
35096,11793,36394
35097,11794,36398
35098,11795,36399
35099,11796,36395
35100,11797,36394
35101,11798,36401
35102,11799,36404
35103,11800,36402
35104,11801,36399
35105,11802,36399
35106,11803,36396
35107,11804,36396
35108,11805,36398
35109,11806,36399
35110,11807,36394
35111,11808,36399
35112,11809,36398
35113,11810,36399
35114,11811,36398
35115,11812,36394
35116,11813,36402
35117,11814,36399
35118,11815,36396
35119,11816,36394
35120,11817,36404
35121,11818,36399
35122,11819,36403
35123,11820,36402
35124,11821,36396
35125,11822,36401
35126,11823,36403
35127,11824,36396
35128,11825,36398
35129,11826,36398
35130,11827,36402
35131,11828,36399
35132,11829,36398
35133,11830,36395
35134,11831,36399
35135,11832,36396
35136,11833,36401
35137,11834,36399
35138,11835,36394
35139,11836,36400
35140,11837,36399
35141,11838,36398
35142,11839,36394
35143,11840,36400
35144,11841,36398
35145,11842,36396
35146,11843,36396
35147,11844,36399
35148,11845,36395
35149,11846,36399
35150,11847,36402
35151,11848,36404
35152,11849,36402
35153,11850,36404
35154,11851,36402
35155,11852,36399
35156,11853,36394
35157,11854,36402
35158,11855,36400
35159,11856,36404
35160,11857,36403
35161,11858,36399
35162,11859,36399
35163,11860,36396
35164,11861,36396
35165,11862,36399
35166,11863,36395
35167,11864,36396
35168,11865,36396
35169,11866,36398
35170,11867,36396
35171,11868,36399
35172,11869,36394
35173,11870,36396
35174,11871,36400
35175,11872,36394
35176,11873,36402
35177,11874,36394
35178,11875,36397
35179,11876,36402
35180,11877,36399
35181,11878,36402
35182,11879,36404
35183,11880,36395
35184,11881,36402
35185,11882,36394
35186,11883,36402
35187,11884,36402
35188,11885,36402
35189,11886,36396
35190,11887,36398
35191,11888,36395
35192,11889,36394
35193,11890,36399
35194,11891,36398
35195,11892,36399
35196,11893,36396
35197,11894,36394
35198,11895,36396
35199,11896,36399
35200,11897,36396
35201,11898,36396
35202,11899,36403
35203,11900,36396
35204,11901,36402
35205,11902,36399
35206,11903,36404
35207,11904,36396
35208,11905,36396
35209,11906,36396
35210,11907,36395
35211,11908,36394
35212,11909,36402
35213,11910,36398
35214,11911,36396
35215,11912,36399
35216,11913,36402
35217,11914,36400
35218,11915,36399
35219,11916,36399
35220,11917,36398
35221,11918,36401
35222,11919,36394
35223,11920,36399
35224,11921,36403
35225,11922,36399
35226,11923,36404
35227,11924,36402
35228,11925,36401
35229,11926,36394
35230,11927,36399
35231,11928,36399
35232,11929,36400
35233,11930,36400
35234,11931,36400
35235,11932,36399
35236,11933,36396
35237,11934,36404
35238,11935,36394
35239,11936,36399
35240,11937,36399
35241,11938,36399
35242,11939,36401
35243,11940,36404
35244,11941,36402
35245,11942,36402
35246,11943,36394
35247,11944,36402
35248,11945,36404
35249,11946,36396
35250,11947,36394
35251,11948,36396
35252,11949,36401
35253,11950,36396
35254,11951,36396
35255,11952,36395
35256,11953,36399
35257,11954,36398
35258,11955,36396
35259,11956,36396
35260,11957,36396
35261,11958,36399
35262,11959,36399
35263,11960,36399
35264,11961,36400
35265,11962,36396
35266,11963,36396
35267,11964,36395
35268,11965,36396
35269,11966,36399
35270,11967,36402
35271,11968,36399
35272,11969,36396
35273,11970,36404
35274,11971,36399
35275,11972,36396
35276,11973,36402
35277,11974,36399
35278,11975,36399
35279,11976,36396
35280,11977,36398
35281,11978,36403
35282,11979,36399
35283,11980,36400
35284,11981,36403
35285,11982,36402
35286,11983,36401
35287,11984,36396
35288,11985,36396
35289,11986,36398
35290,11987,36395
35291,11988,36398
35292,11989,36401
35293,11990,36402
35294,11991,36402
35295,11992,36404
35296,11993,36396
35297,11994,36400
35298,11995,36403
35299,11996,36402
35300,11997,36394
35301,11998,36399
35302,11999,36396
35303,12000,36399
35304,12001,36399
35305,12002,36396
35306,12003,36398
35307,12004,36396
35308,12005,36401
35309,12006,36404
35310,12007,36400
35311,12008,36399
35312,12009,36398
35313,12010,36399
35314,12011,36395
35315,12012,36395
35316,12013,36399
35317,12014,36396
35318,12015,36400
35319,12016,36396
35320,12017,36400
35321,12018,36404
35322,12019,36394
35323,12020,36399
35324,12021,36404
35325,12022,36396
35326,12023,36396
35327,12024,36398
35328,12025,36399
35329,12026,36400
35330,12027,36399
35331,12028,36403
35332,12029,36401
35333,12030,36399
35334,12031,36404
35335,12032,36402
35336,12033,36396
35337,12034,36394
35338,12035,36402
35339,12036,36400
35340,12037,36396
35341,12038,36399
35342,12039,36397
35343,12040,36402
35344,12041,36400
35345,12042,36398
35346,12043,36397
35347,12044,36396
35348,12045,36404
35349,12046,36401
35350,12047,36404
35351,12048,36396
35352,12049,36402
35353,12050,36402
35354,12051,36399
35355,12052,36395
35356,12053,36400
35357,12054,36402
35358,12055,36396
35359,12056,36396
35360,12057,36398
35361,12058,36396
35362,12059,36404
35363,12060,36394
35364,12061,36402
35365,12062,36401
35366,12063,36404
35367,12064,36394
35368,12065,36394
35369,12066,36402
35370,12067,36394
35371,12068,36398
35372,12069,36396
35373,12070,36395
35374,12071,36399
35375,12072,36399
35376,12073,36399
35377,12074,36399
35378,12075,36398
35379,12076,36402
35380,12077,36401
35381,12078,36398
35382,12079,36396
35383,12080,36399
35384,12081,36403
35385,12082,36394
35386,12083,36401
35387,12084,36396
35388,12085,36396
35389,12086,36399
35390,12087,36402
35391,12088,36399
35392,12089,36399
35393,12090,36402
35394,12091,36399
35395,12092,36400
35396,12093,36399
35397,12094,36399
35398,12095,36402
35399,12096,36394
35400,12097,36403
35401,12098,36404
35402,12099,36398
35403,12100,36402
35404,12101,36404
35405,12102,36402
35406,12103,36404
35407,12104,36402
35408,12105,36398
35409,12106,36395
35410,12107,36404
35411,12108,36399
35412,12109,36394
35413,12110,36402
35414,12111,36400
35415,12112,36399
35416,12113,36394
35417,12114,36398
35418,12115,36396
35419,12116,36401
35420,12117,36402
35421,12118,36404
35422,12119,36395
35423,12120,36401
35424,12121,36400
35425,12122,36399
35426,12123,36399
35427,12124,36399
35428,12125,36396
35429,12126,36398
35430,12127,36399
35431,12128,36402
35432,12129,36396
35433,12130,36399
35434,12131,36394
35435,12132,36399
35436,12133,36399
35437,12134,36396
35438,12135,36402
35439,12136,36395
35440,12137,36399
35441,12138,36404
35442,12139,36401
35443,12140,36396
35444,12141,36404
35445,12142,36396
35446,12143,36399
35447,12144,36404
35448,12145,36396
35449,12146,36400
35450,12147,36402
35451,12148,36399
35452,12149,36399
35453,12150,36402
35454,12151,36396
35455,12152,36399
35456,12153,36398
35457,12154,36403
35458,12155,36401
35459,12156,36398
35460,12157,36398
35461,12158,36396
35462,12159,36397
35463,12160,36402
35464,12161,36399
35465,12162,36402
35466,12163,36402
35467,12164,36398
35468,12165,36397
35469,12166,36399
35470,12167,36396
35471,12168,36402
35472,12169,36404
35473,12170,36396
35474,12171,36399
35475,12172,36399
35476,12173,36399
35477,12174,36402
35478,12175,36395
35479,12176,36399
35480,12177,36399
35481,12178,36398
35482,12179,36396
35483,12180,36396
35484,12181,36399
35485,12182,36400
35486,12183,36394
35487,12184,36401
35488,12185,36398
35489,12186,36400
35490,12187,36395
35491,12188,36401
35492,12189,36400
35493,12190,36402
35494,12191,36403
35495,12192,36399
35496,12193,36404
35497,12194,36399
35498,12195,36402
35499,12196,36399
35500,12197,36396
35501,12198,36402
35502,12199,36398
35503,12200,36399
35504,12201,36399
35505,12202,36404
35506,12203,36396
35507,12204,36402
35508,12205,36395
35509,12206,36399
35510,12207,36403
35511,12208,36399
35512,12209,36402
35513,12210,36398
35514,12211,36394
35515,12212,36394
35516,12213,36402
35517,12214,36394
35518,12215,36397
35519,12216,36395
35520,12217,36398
35521,12218,36397
35522,12219,36397
35523,12220,36399
35524,12221,36396
35525,12222,36402
35526,12223,36402
35527,12224,36399
35528,12225,36396
35529,12226,36394
35530,12227,36396
35531,12228,36401
35532,12229,36400
35533,12230,36402
35534,12231,36396
35535,12232,36404
35536,12233,36398
35537,12234,36398
35538,12235,36399
35539,12236,36400
35540,12237,36396
35541,12238,36396
35542,12239,36396
35543,12240,36400
35544,12241,36396
35545,12242,36395
35546,12243,36397
35547,12244,36399
35548,12245,36399
35549,12246,36401
35550,12247,36399
35551,12248,36394
35552,12249,36396
35553,12250,36396
35554,12251,36401
35555,12252,36394
35556,12253,36399
35557,12254,36396
35558,12255,36395
35559,12256,36398
35560,12257,36399
35561,12258,36396
35562,12259,36399
35563,12260,36401
35564,12261,36396
35565,12262,36401
35566,12263,36402
35567,12264,36398
35568,12265,36404
35569,12266,36399
35570,12267,36399
35571,12268,36402
35572,12269,36404
35573,12270,36396
35574,12271,36398
35575,12272,36396
35576,12273,36402
35577,12274,36402
35578,12275,36399
35579,12276,36399
35580,12277,36399
35581,12278,36399
35582,12279,36404
35583,12280,36399
35584,12281,36396
35585,12282,36394
35586,12283,36402
35587,12284,36399
35588,12285,36394
35589,12286,36403
35590,12287,36394
35591,12288,36396
35592,12289,36398
35593,12290,36396
35594,12291,36398
35595,12292,36394
35596,12293,36396
35597,12294,36399
35598,12295,36402
35599,12296,36398
35600,12297,36400
35601,12298,36401
35602,12299,36396
35603,12300,36400
35604,12301,36399
35605,12302,36395
35606,12303,36404
35607,12304,36404
35608,12305,36396
35609,12306,36402
35610,12307,36399
35611,12308,36396
35612,12309,36398
35613,12310,36396
35614,12311,36400
35615,12312,36400
35616,12313,36398
35617,12314,36401
35618,12315,36402
35619,12316,36402
35620,12317,36394
35621,12318,36404
35622,12319,36396
35623,12320,36394
35624,12321,36402
35625,12322,36400
35626,12323,36399
35627,12324,36399
35628,12325,36396
35629,12326,36402
35630,12327,36396
35631,12328,36402
35632,12329,36399
35633,12330,36395
35634,12331,36402
35635,12332,36404
35636,12333,36394
35637,12334,36397
35638,12335,36394
35639,12336,36401
35640,12337,36400
35641,12338,36394
35642,12339,36394
35643,12340,36399
35644,12341,36396
35645,12342,36404
35646,12343,36399
35647,12344,36401
35648,12345,36404
35649,12346,36395
35650,12347,36398
35651,12348,36404
35652,12349,36395
35653,12350,36399
35654,12351,36397
35655,12352,36399
35656,12353,36402
35657,12354,36396
35658,12355,36396
35659,12356,36399
35660,12357,36399
35661,12358,36402
35662,12359,36398
35663,12360,36396
35664,12361,36404
35665,12362,36398
35666,12363,36396
35667,12364,36398
35668,12365,36399
35669,12366,36399
35670,12367,36399
35671,12368,36398
35672,12369,36400
35673,12370,36399
35674,12371,36395
35675,12372,36404
35676,12373,36394
35677,12374,36399
35678,12375,36403
35679,12376,36396
35680,12377,36396
35681,12378,36403
35682,12379,36399
35683,12380,36402
35684,12381,36399
35685,12382,36400
35686,12383,36398
35687,12384,36402
35688,12385,36399
35689,12386,36397
35690,12387,36398
35691,12388,36398
35692,12389,36404
35693,12390,36404
35694,12391,36398
35695,12392,36399
35696,12393,36401
35697,12394,36402
35698,12395,36403
35699,12396,36396
35700,12397,36404
35701,12398,36400
35702,12399,36399
35703,12400,36397
35704,12401,36398
35705,12402,36404
35706,12403,36396
35707,12404,36398
35708,12405,36404
35709,12406,36404
35710,12407,36402
35711,12408,36401
35712,12409,36403
35713,12410,36399
35714,12411,36398
35715,12412,36402
35716,12413,36402
35717,12414,36404
35718,12415,36394
35719,12416,36402
35720,12417,36401
35721,12418,36402
35722,12419,36404
35723,12420,36396
35724,12421,36394
35725,12422,36398
35726,12423,36403
35727,12424,36402
35728,12425,36399
35729,12426,36399
35730,12427,36400
35731,12428,36396
35732,12429,36394
35733,12430,36394
35734,12431,36395
35735,12432,36399
35736,12433,36394
35737,12434,36394
35738,12435,36402
35739,12436,36399
35740,12437,36403
35741,12438,36401
35742,12439,36399
35743,12440,36399
35744,12441,36396
35745,12442,36399
35746,12443,36397
35747,12444,36396
35748,12445,36394
35749,12446,36396
35750,12447,36404
35751,12448,36395
35752,12449,36399
35753,12450,36400
35754,12451,36396
35755,12452,36396
35756,12453,36399
35757,12454,36399
35758,12455,36402
35759,12456,36400
35760,12457,36394
35761,12458,36404
35762,12459,36394
35763,12460,36399
35764,12461,36396
35765,12462,36402
35766,12463,36399
35767,12464,36404
35768,12465,36402
35769,12466,36399
35770,12467,36396
35771,12468,36399
35772,12469,36404
35773,12470,36400
35774,12471,36395
35775,12472,36402
35776,12473,36397
35777,12474,36395
35778,12475,36398
35779,12476,36398
35780,12477,36402
35781,12478,36399
35782,12479,36398
35783,12480,36396
35784,12481,36402
35785,12482,36396
35786,12483,36402
35787,12484,36404
35788,12485,36396
35789,12486,36396
35790,12487,36398
35791,12488,36397
35792,12489,36394
35793,12490,36404
35794,12491,36399
35795,12492,36403
35796,12493,36404
35797,12494,36394
35798,12495,36399
35799,12496,36401
35800,12497,36394
35801,12498,36404
35802,12499,36403
35803,12500,36401
35804,12501,36398
35805,12502,36396
35806,12503,36401
35807,12504,36403
35808,12505,36396
35809,12506,36396
35810,12507,36404
35811,12508,36402
35812,12509,36399
35813,12510,36402
35814,12511,36396
35815,12512,36399
35816,12513,36399
35817,12514,36402
35818,12515,36399
35819,12516,36396
35820,12517,36397
35821,12518,36401
35822,12519,36395
35823,12520,36399
35824,12521,36396
35825,12522,36399
35826,12523,36399
35827,12524,36398
35828,12525,36397
35829,12526,36402
35830,12527,36402
35831,12528,36400
35832,12529,36401
35833,12530,36402
35834,12531,36404
35835,12532,36401
35836,12533,36399
35837,12534,36402
35838,12535,36401
35839,12536,36397
35840,12537,36398
35841,12538,36399
35842,12539,36397
35843,12540,36398
35844,12541,36397
35845,12542,36399
35846,12543,36399
35847,12544,36401
35848,12545,36402
35849,12546,36396
35850,12547,36403
35851,12548,36399
35852,12549,36396
35853,12550,36399
35854,12551,36399
35855,12552,36395
35856,12553,36404
35857,12554,36398
35858,12555,36398
35859,12556,36404
35860,12557,36402
35861,12558,36396
35862,12559,36402
35863,12560,36399
35864,12561,36399
35865,12562,36401
35866,12563,36394
35867,12564,36399
35868,12565,36401
35869,12566,36402
35870,12567,36395
35871,12568,36397
35872,12569,36404
35873,12570,36398
35874,12571,36402
35875,12572,36403
35876,12573,36399
35877,12574,36398
35878,12575,36396
35879,12576,36401
35880,12577,36398
35881,12578,36399
35882,12579,36402
35883,12580,36394
35884,12581,36396
35885,12582,36402
35886,12583,36399
35887,12584,36399
35888,12585,36397
35889,12586,36399
35890,12587,36396
35891,12588,36396
35892,12589,36396
35893,12590,36399
35894,12591,36404
35895,12592,36398
35896,12593,36402
35897,12594,36399
35898,12595,36402
35899,12596,36396
35900,12597,36396
35901,12598,36404
35902,12599,36404
35903,12600,36404
35904,12601,36398
35905,12602,36396
35906,12603,36394
35907,12604,36399
35908,12605,36399
35909,12606,36404
35910,12607,36402
35911,12608,36400
35912,12609,36404
35913,12610,36399
35914,12611,36394
35915,12612,36396
35916,12613,36401
35917,12614,36399
35918,12615,36399
35919,12616,36398
35920,12617,36397
35921,12618,36404
35922,12619,36398
35923,12620,36402
35924,12621,36402
35925,12622,36396
35926,12623,36399
35927,12624,36397
35928,12625,36400
35929,12626,36398
35930,12627,36399
35931,12628,36401
35932,12629,36401
35933,12630,36399
35934,12631,36404
35935,12632,36399
35936,12633,36398
35937,12634,36398
35938,12635,36397
35939,12636,36396
35940,12637,36403
35941,12638,36395
35942,12639,36399
35943,12640,36404
35944,12641,36399
35945,12642,36400
35946,12643,36399
35947,12644,36399
35948,12645,36398
35949,12646,36396
35950,12647,36396
35951,12648,36404
35952,12649,36395
35953,12650,36399
35954,12651,36402
35955,12652,36402
35956,12653,36404
35957,12654,36399
35958,12655,36400
35959,12656,36402
35960,12657,36396
35961,12658,36396
35962,12659,36402
35963,12660,36402
35964,12661,36395
35965,12662,36399
35966,12663,36394
35967,12664,36396
35968,12665,36395
35969,12666,36399
35970,12667,36401
35971,12668,36396
35972,12669,36397
35973,12670,36398
35974,12671,36399
35975,12672,36398
35976,12673,36403
35977,12674,36401
35978,12675,36396
35979,12676,36399
35980,12677,36402
35981,12678,36402
35982,12679,36400
35983,12680,36398
35984,12681,36400
35985,12682,36400
35986,12683,36400
35987,12684,36396
35988,12685,36398
35989,12686,36401
35990,12687,36398
35991,12688,36394
35992,12689,36394
35993,12690,36399
35994,12691,36398
35995,12692,36402
35996,12693,36404
36008,12694,36396
36009,12695,36394
36010,12696,36399
36011,12697,36398
36012,12698,36399
36013,12699,36396
36014,12700,36398
36015,12701,36395
36016,12702,36396
36017,12703,36402
36018,12704,36394
36019,12705,36402
36020,12706,36399
36021,12707,36396
36022,12708,36398
36023,12709,36402
36024,12710,36404
36025,12711,36394
36026,12712,36401
36027,12713,36396
36028,12714,36394
36029,12715,36395
36030,12716,36398
36031,12717,36401
36032,12718,36403
36033,12719,36396
36034,12720,36398
36035,12721,36396
36036,12722,36396
36037,12723,36402
36038,12724,36396
36039,12725,36394
36040,12726,36400
36041,12727,36399
36042,12728,36394
36043,12729,36402
36044,12730,36394
36045,12731,36397
36046,12732,36399
36047,12733,36397
36048,12734,36397
36049,12735,36402
36050,12736,36398
36051,12737,36402
36052,12738,36402
36053,12739,36403
36054,12740,36402
36055,12741,36404
36056,12742,36397
36057,12743,36395
36058,12744,36402
36059,12745,36398
36060,12746,36399
36061,12747,36398
36062,12748,36396
36063,12749,36398
36064,12750,36402
36065,12751,36402
36066,12752,36399
36067,12753,36398
36068,12754,36401
36069,12755,36399
36070,12756,36404
36071,12757,36399
36072,12758,36398
36073,12759,36394
36074,12760,36404
36075,12761,36398
36076,12762,36399
36077,12763,36402
36078,12764,36396
36079,12765,36398
36080,12766,36398
36081,12767,36399
36082,12768,36397
36083,12769,36402
36084,12770,36398
36085,12771,36396
36086,12772,36404
36087,12773,36399
36088,12774,36396
36089,12775,36404
36090,12776,36400
36091,12777,36401
36092,12778,36400
36093,12779,36396
36094,12780,36397
36095,12781,36398
36096,12782,36404
36097,12783,36399
36098,12784,36402
36099,12785,36399
36100,12786,36398
36101,12787,36402
36102,12788,36399
36103,12789,36404
36104,12790,36402
36105,12791,36399
36106,12792,36402
36107,12793,36399
36108,12794,36398
36109,12795,36399
36110,12796,36394
36111,12797,36404
36112,12798,36404
36113,12799,36398
36114,12800,36396
36115,12801,36394
36116,12802,36404
36117,12803,36403
36118,12804,36399
36119,12805,36402
36120,12806,36399
36121,12807,36399
36122,12808,36399
36123,12809,36398
36124,12810,36398
36125,12811,36396
36126,12812,36398
36127,12813,36399
36128,12814,36402
36129,12815,36396
36130,12816,36399
36131,12817,36402
36132,12818,36400
36133,12819,36404
36134,12820,36396
36135,12821,36396
36136,12822,36399
36137,12823,36402
36138,12824,36396
36139,12825,36399
36140,12826,36400
36141,12827,36404
36142,12828,36396
36143,12829,36402
36144,12830,36398
36145,12831,36399
36146,12832,36399
36147,12833,36396
36148,12834,36396
36149,12835,36403
36150,12836,36397
36151,12837,36401
36152,12838,36397
36153,12839,36396
36154,12840,36395
36155,12841,36402
36156,12842,36394
36157,12843,36398
36158,12844,36395
36159,12845,36397
36160,12846,36404
36161,12847,36402
36162,12848,36404
36163,12849,36394
36164,12850,36399
36165,12851,36399
36166,12852,36403
36167,12853,36402
36168,12854,36402
36169,12855,36396
36170,12856,36402
36171,12857,36396
36172,12858,36395
36173,12859,36402
36174,12860,36396
36175,12861,36396
36176,12862,36402
36177,12863,36402
36178,12864,36396
36179,12865,36394
36180,12866,36399
36181,12867,36396
36182,12868,36399
36183,12869,36404
36184,12870,36394
36185,12871,36404
36186,12872,36399
36187,12873,36396
36188,12874,36398
36189,12875,36402
36190,12876,36396
36191,12877,36402
36192,12878,36396
36193,12879,36399
36194,12880,36402
36195,12881,36401
36196,12882,36401
36197,12883,36401
36198,12884,36395
36199,12885,36399
36200,12886,36402
36201,12887,36394
36202,12888,36396
36203,12889,36402
36204,12890,36404
36205,12891,36398
36206,12892,36400
36207,12893,36404
36208,12894,36397
36209,12895,36402
36210,12896,36401
36211,12897,36402
36212,12898,36398
36213,12899,36396
36214,12900,36402
36215,12901,36404
36216,12902,36399
36217,12903,36398
36218,12904,36399
36219,12905,36396
36220,12906,36396
36221,12907,36401
36222,12908,36398
36223,12909,36399
36224,12910,36399
36225,12911,36402
36226,12912,36398
36227,12913,36399
36228,12914,36396
36229,12915,36398
36230,12916,36398
36231,12917,36395
36232,12918,36399
36233,12919,36399
36234,12920,36396
36235,12921,36397
36236,12922,36394
36237,12923,36396
36238,12924,36402
36239,12925,36402
36240,12926,36395
36241,12927,36394
36242,12928,36394
36243,12929,36396
36244,12930,36399
36245,12931,36399
36246,12932,36402
36247,12933,36403
36248,12934,36400
36249,12935,36404
36250,12936,36395
36251,12937,36403
36252,12938,36404
36253,12939,36395
36254,12940,36403
36255,12941,36396
36256,12942,36394
36257,12943,36395
36258,12944,36402
36259,12945,36399
36260,12946,36398
36261,12947,36400
36262,12948,36402
36263,12949,36398
36264,12950,36397
36265,12951,36402
36266,12952,36396
36267,12953,36399
36268,12954,36399
36269,12955,36394
36270,12956,36402
36271,12957,36398
36272,12958,36400
36273,12959,36402
36274,12960,36402
36275,12961,36397
36276,12962,36394
36277,12963,36395
36278,12964,36396
36279,12965,36399
36280,12966,36404
36281,12967,36402
36282,12968,36396
36283,12969,36396
36284,12970,36396
36285,12971,36402
36286,12972,36400
36287,12973,36398
36288,12974,36396
36289,12975,36402
36290,12976,36399
36291,12977,36396
36292,12978,36398
36293,12979,36394
36294,12980,36402
36295,12981,36396
36296,12982,36402
36297,12983,36402
36298,12984,36401
36299,12985,36403
36300,12986,36398
36301,12987,36394
36302,12988,36396
36303,12989,36404
36304,12990,36402
36305,12991,36398
36306,12992,36395
36307,12993,36404
36308,12994,36394
36309,12995,36399
36310,12996,36402
36311,12997,36394
36312,12998,36396
36313,12999,36399
36314,13000,36400
36315,13001,36399
36316,13002,36396
36317,13003,36398
36318,13004,36399
36319,13005,36402
36320,13006,36394
36321,13007,36399
36322,13008,36402
36323,13009,36396
36324,13010,36396
36325,13011,36395
36326,13012,36402
36327,13013,36402
36328,13014,36399
36329,13015,36396
36330,13016,36400
36331,13017,36402
36332,13018,36396
36333,13019,36399
36334,13020,36399
36335,13021,36399
36336,13022,36395
36337,13023,36394
36338,13024,36398
36339,13025,36398
36340,13026,36395
36341,13027,36396
36342,13028,36399
36343,13029,36402
36344,13030,36399
36345,13031,36402
36346,13032,36394
36347,13033,36398
36348,13034,36399
36349,13035,36399
36350,13036,36394
36351,13037,36399
36352,13038,36397
36353,13039,36402
36354,13040,36404
36355,13041,36404
36356,13042,36398
36357,13043,36398
36358,13044,36394
36359,13045,36401
36360,13046,36396
36361,13047,36398
36362,13048,36394
36363,13049,36404
36364,13050,36399
36365,13051,36398
36366,13052,36399
36367,13053,36404
36368,13054,36396
36369,13055,36399
36370,13056,36396
36371,13057,36400
36372,13058,36398
36373,13059,36394
36374,13060,36399
36375,13061,36396
36376,13062,36396
36377,13063,36396
36378,13064,36402
36379,13065,36399
36380,13066,36394
36381,13067,36399
36382,13068,36404
36383,13069,36403
36384,13070,36395
36385,13071,36398
36386,13072,36404
36387,13073,36396
36388,13074,36399
36389,13075,36399
36390,13076,36402
36391,13077,36395
36392,13078,36399
36393,13079,36399
36394,13080,36400
36395,13081,36399
36396,13082,36402
36397,13083,36404
36398,13084,36400
36399,13085,36398
36400,13086,36395
36401,13087,36400
36402,13088,36398
36403,13089,36396
36404,13090,36401
36405,13091,36396
36406,13092,36398
36407,13093,36402
36408,13094,36401
36409,13095,36398
36410,13096,36394
36411,13097,36396
36412,13098,36404
36413,13099,36401
36414,13100,36401
36415,13101,36394
36416,13102,36401
36417,13103,36394
36418,13104,36403
36419,13105,36394
36420,13106,36400
36421,13107,36397
36422,13108,36399
36423,13109,36398
36424,13110,36402
36425,13111,36400
36426,13112,36396
36427,13113,36398
36428,13114,36401
36429,13115,36399
36430,13116,36402
36431,13117,36399
36432,13118,36400
36433,13119,36402
36434,13120,36394
36435,13121,36403
36436,13122,36402
36437,13123,36400
36438,13124,36394
36439,13125,36403
36440,13126,36395
36441,13127,36394
36442,13128,36399
36443,13129,36403
36444,13130,36399
36445,13131,36402
36446,13132,36396
36447,13133,36395
36448,13134,36396
36449,13135,36400
36450,13136,36399
36451,13137,36399
36452,13138,36402
36453,13139,36394
36454,13140,36398
36455,13141,36399
36456,13142,36396
36457,13143,36399
36458,13144,36400
36459,13145,36396
36460,13146,36402
36461,13147,36398
36462,13148,36402
36463,13149,36404
36464,13150,36397
36465,13151,36401
36466,13152,36394
36467,13153,36398
36468,13154,36399
36469,13155,36394
36470,13156,36400
36471,13157,36396
36472,13158,36396
36473,13159,36395
36474,13160,36400
36475,13161,36396
36476,13162,36399
36477,13163,36398
36478,13164,36402
36479,13165,36396
36480,13166,36404
36481,13167,36399
36482,13168,36398
36483,13169,36396
36484,13170,36396
36485,13171,36401
36486,13172,36396
36487,13173,36398
36488,13174,36396
36489,13175,36397
36490,13176,36401
36491,13177,36398
36492,13178,36395
36493,13179,36399
36494,13180,36402
36495,13181,36403
36496,13182,36402
36497,13183,36394
36498,13184,36398
36499,13185,36401
36500,13186,36399
36501,13187,36401
36502,13188,36400
36503,13189,36402
36504,13190,36396
36505,13191,36399
36506,13192,36400
36507,13193,36395
36508,13194,36395
36509,13195,36404
36510,13196,36399
36511,13197,36404
36512,13198,36403
36513,13199,36399
36514,13200,36404
36515,13201,36396
36516,13202,36411
36517,13203,36412
36518,13204,36413
36519,13205,36414
36520,13206,36415
36521,13207,36416
36522,13208,36412
36523,13209,36417
36524,13210,36415
36525,13211,36415
36526,13212,36411
36527,13213,36418
36528,13214,36419
36529,13215,36412
36530,13216,36413
36531,13217,36420
36532,13218,36420
36533,13219,36420
36534,13220,36421
36535,13221,36422
36536,13222,36415
36537,13223,36423
36538,13224,36411
36539,13225,36420
36540,13226,36412
36541,13227,36411
36542,13228,36414
36543,13229,36421
36544,13230,36411
36545,13231,36416
36546,13232,36420
36547,13233,36412
36548,13234,36411
36549,13235,36415
36550,13237,36424
36551,13238,36424
36552,13239,36425
36553,13240,36421
36554,13241,36426
36555,13242,36411
36556,13243,36422
36557,13244,36415
36558,13245,36412
36559,13246,36414
36560,13247,36427
36561,13248,36411
36562,13249,36422
36563,13250,36419
36564,13251,36411
36565,13252,36411
36566,13253,36416
36567,13254,36421
36568,13255,36411
36569,13256,36414
36570,13257,36415
36571,13258,36428
36572,13259,36422
36573,13260,36421
36574,13261,36422
36575,13262,36412
36576,13263,36420
36577,13264,36415
36578,13265,36412
36579,13266,36415
36580,13267,36429
36581,13268,36417
36582,13269,36420
36583,13270,36430
36584,13271,36427
36585,13272,36420
36586,13273,36422
36587,13274,36418
36588,13275,36414
36589,13276,36413
36590,13277,36424
36591,13278,36424
36592,13279,36412
36593,13280,36411
36594,13281,36420
36595,13282,36411
36596,13283,36413
36597,13284,36414
36598,13285,36422
36599,13286,36427
36600,13287,36426
36601,13288,36422
36602,13289,36413
36603,13290,36422
36604,13291,36422
36605,13292,36415
36606,13293,36422
36607,13294,36422
36608,13295,36422
36609,13296,36422
36610,13297,36420
36611,13298,36413
36612,13299,36417
36613,13300,36411
36614,13301,36422
36615,13302,36420
36616,13303,36422
36617,13304,36424
36618,13305,36425
36619,13306,36422
36620,13307,36421
36621,13308,36427
36622,13309,36414
36623,13310,36422
36624,13311,36420
36625,13312,36426
36626,13313,36412
36627,13314,36421
36628,13315,36422
36629,13316,36412
36630,13317,36426
36631,13318,36420
36632,13319,36411
36633,13320,36414
36634,13321,36411
36635,13322,36411
36636,13323,36421
36637,13324,36414
36638,13325,36425
36639,13326,36420
36640,13327,36411
36641,13328,36412
36642,13329,36420
36643,13330,36418
36644,13331,36414
36645,13332,36420
36646,13333,36422
36647,13334,36420
36648,13335,36422
36649,13336,36411
36650,13337,36421
36651,13338,36422
36652,13339,36420
36653,13340,36420
36654,13341,36422
36655,13342,36416
36656,13343,36411
36657,13344,36420
36658,13345,36425
36659,13346,36428
36660,13347,36424
36661,13348,36411
36662,13349,36421
36663,13350,36412
36664,13351,36411
36665,13352,36420
36666,13354,36420
36667,13355,36431
36668,13356,36411
36669,13357,36421
36670,13358,36421
36671,13359,36415
36672,13360,36411
36673,13361,36428
36674,13362,36420
36675,13363,36416
36676,13364,36428
36677,13365,36411
36678,13366,36432
36679,13367,36427
36680,13368,36411
36681,13369,36412
36682,13370,36433
36683,13371,36434
36684,13372,36411
36685,13373,36411
36686,13374,36428
36687,13375,36420
36688,13376,36425
36689,13377,36424
36690,13378,36427
36691,13379,36411
36692,13380,36411
36693,13381,36421
36694,13382,36428
36695,13383,36411
36696,13384,36411
36697,13385,36411
36698,13386,36415
36699,13387,36422
36700,13388,36425
36701,13389,36422
36702,13390,36411
36703,13391,36421
36704,13392,36434
36705,13393,36420
36706,13394,36422
36707,13395,36412
36708,13396,36427
36709,13397,36429
36710,13398,36423
36711,13399,36424
36712,13400,36411
36713,13401,36433
36714,13402,36412
36715,13403,36435
36716,13404,36411
36717,13405,36425
36718,13406,36418
36719,13407,36421
36720,13408,36414
36721,13409,36424
36722,13410,36420
36723,13411,36420
36724,13412,36412
36725,13413,36412
36726,13414,36420
36727,13415,36411
36728,13416,36411
36729,13417,36425
36730,13418,36411
36731,13419,36411
36732,13420,36411
36733,13421,36415
36734,13422,36411
36735,13423,36415
36736,13424,36411
36737,13425,36429
36738,13426,36422
36739,13427,36411
36740,13428,36420
36741,13429,36420
36742,13430,36412
36743,13431,36412
36744,13432,36411
36745,13433,36420
36746,13434,36411
36747,13435,36418
36748,13436,36411
36749,13437,36424
36750,13438,36412
36751,13439,36421
36752,13440,36414
36753,13441,36420
36754,13442,36415
36755,13443,36420
36756,13444,36422
36757,13445,36411
36758,13446,36420
36759,13447,36420
36760,13448,36431
36761,13449,36414
36762,13450,36413
36763,13451,36420
36764,13452,36418
36765,13453,36412
36766,13454,36412
36767,13455,36412
36768,13456,36411
36769,13457,36411
36770,13458,36420
36771,13459,36411
36772,13460,36420
36773,13461,36422
36774,13462,36422
36775,13463,36420
36776,13464,36422
36777,13465,36432
36778,13466,36422
36779,13467,36412
36780,13468,36417
36781,13469,36411
36782,13470,36421
36783,13471,36415
36784,13472,36427
36785,13473,36421
36786,13474,36422
36787,13475,36412
36788,13476,36414
36789,13477,36421
36790,13478,36435
36791,13479,36411
36792,13480,36411
36793,13481,36421
36794,13482,36420
36795,13483,36425
36796,13484,36417
36797,13485,36433
36798,13486,36425
36799,13487,36415
36800,13488,36421
36801,13489,36421
36802,13490,36420
36803,13491,36412
36804,13492,36420
36805,13493,36411
36806,13494,36421
36807,13495,36418
36808,13496,36414
36809,13497,36418
36810,13498,36421
36811,13499,36428
36812,13500,36421
36813,13501,36421
36814,13502,36412
36815,13503,36419
36816,13504,36422
36817,13505,36421
36818,13506,36415
36819,13507,36420
36820,13508,36415
36821,13509,36411
36822,13510,36412
36823,13511,36417
36824,13512,36429
36825,13513,36428
36826,13514,36411
36827,13515,36412
36828,13516,36412
36829,13517,36411
36830,13518,36420
36831,13519,36414
36832,13520,36421
36833,13521,36422
36834,13522,36424
36835,13523,36422
36836,13524,36422
36837,13525,36415
36838,13526,36413
36839,13527,36419
36840,13528,36422
36841,13529,36434
36842,13530,36412
36843,13531,36423
36844,13532,36420
36845,13533,36414
36846,13534,36420
36847,13535,36414
36848,13536,36420
36849,13537,36411
36850,13538,36429
36851,13539,36411
36852,13540,36432
36853,13541,36422
36854,13542,36414
36855,13543,36424
36856,13544,36411
36857,13545,36411
36858,13546,36413
36859,13547,36412
36860,13548,36413
36861,13549,36416
36862,13550,36420
36863,13551,36418
36864,13552,36415
36865,13553,36432
36866,13554,36434
36867,13555,36420
36868,13556,36428
36869,13557,36415
36870,13558,36411
36871,13559,36421
36872,13560,36416
36873,13561,36422
36874,13562,36421
36875,13563,36415
36876,13564,36420
36877,13565,36434
36878,13566,36418
36879,13567,36422
36880,13568,36421
36881,13569,36420
36882,13570,36415
36883,13571,36427
36884,13572,36412
36885,13573,36430
36886,13574,36421
36887,13575,36414
36888,13576,36421
36889,13577,36415
36890,13578,36411
36891,13579,36411
36892,13580,36412
36893,13581,36425
36894,13582,36411
36895,13583,36413
36896,13584,36425
36897,13585,36414
36898,13586,36412
36899,13587,36412
36900,13588,36421
36901,13589,36425
36902,13590,36411
36903,13591,36412
36904,13592,36420
36905,13593,36411
36906,13594,36422
36907,13595,36411
36908,13596,36421
36909,13597,36430
36910,13598,36412
36911,13599,36425
36912,13600,36422
36913,13601,36425
36914,13602,36415
36915,13603,36411
36916,13604,36411
36917,13605,36421
36918,13606,36422
36919,13607,36418
36920,13608,36422
36921,13609,36426
36922,13610,36411
36923,13611,36412
36924,13612,36412
36925,13613,36411
36926,13614,36425
36927,13615,36435
36928,13616,36418
36929,13617,36421
36930,13618,36424
36931,13619,36411
36932,13620,36420
36933,13621,36421
36934,13622,36424
36935,13623,36421
36936,13624,36426
36937,13625,36413
36938,13626,36420
36939,13627,36426
36940,13628,36415
36941,13629,36432
36942,13630,36421
36943,13631,36419
36944,13632,36415
36945,13633,36420
36946,13634,36413
36947,13635,36425
36948,13636,36411
36949,13637,36411
36950,13638,36422
36951,13639,36421
36952,13640,36422
36953,13641,36412
36954,13642,36421
36955,13643,36417
36956,13644,36420
36957,13645,36421
36958,13646,36411
36959,13647,36427
36960,13648,36412
36961,13649,36421
36962,13650,36412
36963,13651,36421
36964,13652,36416
36965,13653,36413
36966,13654,36424
36967,13655,36425
36968,13656,36416
36969,13657,36411
36970,13658,36411
36971,13659,36413
36972,13660,36421
36973,13661,36411
36974,13662,36434
36975,13663,36430
36976,13664,36420
36977,13665,36411
36978,13666,36419
36979,13667,36434
36980,13668,36411
36981,13669,36415
36982,13670,36422
36983,13671,36412
36984,13672,36420
36985,13673,36422
36986,13674,36422
36987,13675,36411
36988,13676,36428
36989,13677,36420
36990,13678,36411
36991,13679,36420
36992,13680,36422
36993,13681,36420
36994,13682,36411
36995,13683,36420
36996,13684,36422
36997,13685,36411
36998,13686,36411
36999,13687,36415
37000,13688,36411
37001,13689,36425
37002,13690,36414
37003,13691,36426
37004,13692,36420
37005,13693,36428
37006,13694,36428
37007,13695,36420
37008,13697,36422
37009,13698,36423
37010,13699,36422
37011,13700,36422
37012,13701,36420
37013,13702,36414
37014,13703,36432
37015,13704,36412
37016,13705,36414
37017,13706,36420
37018,13707,36413
37019,13708,36411
37020,13709,36433
37021,13710,36414
37022,13711,36426
37023,13712,36431
37024,13713,36420
37025,13714,36411
37026,13715,36422
37027,13716,36412
37028,13717,36411
37029,13718,36418
37030,13719,36433
37031,13720,36411
37057,13721,36421
37058,13722,36411
37059,13723,36424
37060,13724,36420
37061,13725,36422
37062,13726,36412
37063,13727,36421
37064,13728,36422
37065,13729,36427
37066,13730,36411
37067,13731,36412
37068,13732,36423
37069,13733,36411
37070,13734,36422
37071,13735,36420
37072,13736,36418
37073,13737,36422
37074,13738,36411
37075,13739,36422
37076,13740,36422
37077,13741,36421
37078,13742,36428
37079,13743,36411
37080,13744,36411
37081,13745,36415
37082,13746,36422
37083,13748,36426
37084,13749,36411
37085,13750,36412
37086,13751,36435
37087,13752,36428
37088,13753,36425
37089,13754,36421
37090,13755,36424
37091,13756,36420
37092,13757,36412
37093,13758,36426
37094,13759,36411
37095,13760,36411
37096,13761,36421
37097,13762,36428
37098,13763,36420
37099,13764,36421
37100,13765,36412
37101,13766,36411
37102,13767,36412
37103,13768,36413
37104,13769,36422
37105,13770,36422
37106,13771,36411
37107,13772,36422
37108,13773,36422
37109,13774,36422
37110,13775,36421
37111,13776,36420
37112,13777,36411
37113,13778,36422
37114,13779,36422
37115,13780,36425
37116,13781,36432
37117,13782,36420
37118,13783,36411
37119,13784,36411
37120,13785,36412
37121,13786,36415
37122,13787,36418
37123,13788,36420
37124,13789,36412
37125,13790,36411
37126,13791,36419
37127,13792,36420
37128,13793,36425
37129,13794,36415
37130,13795,36428
37131,13796,36420
37132,13797,36420
37133,13798,36431
37134,13799,36420
37135,13800,36421
37136,13801,36429
37137,13802,36420
37138,13803,36411
37139,13804,36422
37140,13805,36421
37141,13806,36422
37142,13807,36420
37143,13808,36421
37144,13809,36411
37145,13810,36411
37146,13811,36420
37147,13812,36420
37148,13813,36432
37149,13814,36412
37150,13815,36420
37151,13816,36418
37152,13817,36420
37153,13818,36420
37154,13819,36434
37155,13820,36424
37156,13821,36422
37157,13822,36422
37158,13823,36428
37159,13824,36421
37160,13825,36435
37161,13826,36426
37162,13827,36411
37163,13828,36421
37164,13829,36414
37165,13830,36421
37166,13831,36426
37167,13832,36426
37168,13833,36422
37169,13834,36422
37170,13835,36411
37171,13836,36424
37172,13837,36421
37173,13838,36411
37174,13839,36411
37175,13840,36415
37176,13841,36425
37177,13842,36420
37178,13843,36411
37179,13844,36412
37180,13845,36427
37181,13846,36417
37182,13847,36412
37183,13848,36421
37184,13849,36425
37185,13850,36435
37186,13851,36424
37187,13852,36415
37188,13853,36415
37189,13854,36421
37190,13855,36420
37191,13856,36411
37192,13857,36411
37193,13858,36412
37194,13859,36420
37195,13860,36422
37196,13861,36425
37197,13862,36414
37198,13863,36434
37199,13864,36418
37200,13865,36421
37201,13866,36420
37202,13867,36427
37203,13868,36412
37204,13869,36422
37205,13870,36412
37206,13871,36415
37207,13872,36421
37208,13873,36422
37209,13874,36425
37210,13875,36420
37211,13876,36412
37212,13877,36421
37213,13878,36420
37214,13879,36411
37215,13880,36422
37216,13881,36419
37217,13882,36411
37218,13883,36420
37219,13884,36433
37220,13885,36422
37221,13886,36425
37222,13887,36411
37223,13888,36434
37224,13889,36420
37225,13890,36414
37226,13891,36412
37227,13892,36423
37228,13893,36419
37229,13894,36425
37230,13895,36411
37231,13896,36420
37232,13897,36412
37233,13898,36420
37234,13899,36418
37235,13900,36412
37236,13901,36426
37237,13902,36422
37238,13903,36435
37239,13904,36411
37240,13905,36420
37241,13906,36425
37242,13907,36419
37243,13908,36420
37244,13909,36414
37245,13910,36412
37246,13911,36421
37247,13912,36422
37248,13913,36422
37249,13914,36415
37250,13915,36418
37251,13916,36420
37252,13917,36415
37253,13918,36433
37254,13919,36428
37255,13920,36422
37256,13921,36426
37257,13922,36428
37258,13923,36412
37259,13924,36424
37260,13925,36411
37261,13926,36412
37262,13927,36427
37263,13928,36411
37264,13929,36413
37265,13930,36424
37266,13931,36430
37267,13932,36420
37268,13933,36411
37269,13934,36412
37270,13935,36421
37271,13936,36420
37272,13937,36412
37273,13938,36418
37274,13939,36431
37275,13940,36422
37276,13941,36411
37277,13942,36420
37278,13943,36421
37279,13944,36434
37280,13945,36420
37281,13946,36411
37282,13947,36411
37283,13948,36426
37284,13949,36418
37285,13950,36421
37286,13951,36414
37287,13952,36411
37288,13953,36424
37289,13954,36412
37290,13955,36420
37291,13956,36422
37292,13957,36422
37293,13958,36418
37294,13959,36425
37295,13960,36420
37296,13961,36411
37297,13962,36411
37298,13963,36420
37299,13964,36420
37300,13965,36411
37301,13966,36411
37302,13967,36411
37303,13968,36415
37304,13969,36411
37305,13970,36428
37306,13971,36420
37307,13972,36427
37308,13973,36415
37309,13974,36422
37310,13975,36414
37311,13976,36420
37312,13977,36417
37313,13978,36413
37314,13979,36433
37315,13980,36412
37316,13981,36415
37317,13982,36421
37318,13983,36422
37319,13984,36428
37320,13985,36411
37321,13986,36413
37322,13987,36424
37323,13988,36424
37324,13989,36411
37325,13990,36421
37326,13991,36422
37327,13992,36422
37328,13993,36421
37329,13994,36421
37330,13995,36433
37331,13996,36425
37332,13997,36411
37333,13998,36412
37334,13999,36426
37335,14000,36420
37336,14001,36422
37337,14002,36411
37338,14003,36435
37339,14004,36422
37340,14005,36414
37341,14006,36411
37342,14007,36422
37343,14008,36417
37344,14009,36415
37345,14010,36421
37346,14011,36421
37347,14012,36411
37348,14013,36411
37349,14014,36414
37350,14015,36418
37351,14016,36420
37352,14017,36422
37353,14018,36421
37354,14019,36411
37355,14020,36421
37356,14021,36420
37357,14022,36426
37358,14023,36412
37359,14024,36425
37360,14025,36411
37361,14026,36411
37362,14027,36412
37363,14028,36433
37364,14029,36418
37365,14030,36420
37366,14031,36431
37367,14032,36433
37368,14033,36435
37369,14034,36411
37370,14035,36412
37371,14036,36425
37372,14037,36427
37373,14038,36414
37374,14039,36433
37375,14040,36412
37376,14041,36428
37377,14042,36411
37378,14043,36416
37379,14044,36428
37380,14045,36420
37381,14046,36414
37382,14047,36420
37383,14048,36420
37384,14049,36412
37385,14050,36416
37386,14051,36411
37387,14052,36417
37388,14053,36426
37389,14054,36431
37390,14055,36422
37391,14056,36412
37392,14057,36412
37393,14058,36425
37394,14059,36432
37395,14060,36421
37396,14061,36422
37397,14062,36412
37398,14063,36411
37399,14064,36432
37400,14065,36414
37401,14066,36435
37402,14067,36422
37403,14068,36434
37404,14069,36416
37405,14070,36421
37406,14071,36414
37407,14072,36434
37408,14073,36422
37409,14074,36421
37410,14075,36411
37411,14076,36420
37412,14077,36422
37413,14078,36421
37414,14079,36414
37415,14080,36412
37416,14081,36411
37417,14082,36412
37418,14083,36415
37419,14084,36412
37420,14085,36425
37421,14086,36422
37422,14087,36414
37423,14088,36420
37424,14089,36412
37425,14090,36415
37426,14091,36421
37427,14092,36411
37428,14093,36411
37429,14094,36424
37430,14095,36421
37431,14096,36426
37432,14097,36421
37433,14098,36424
37434,14099,36414
37435,14100,36420
37436,14101,36420
37437,14102,36420
37438,14103,36424
37439,14104,36427
37440,14105,36414
37441,14106,36422
37442,14107,36422
37443,14108,36425
37444,14109,36424
37445,14110,36414
37446,14111,36426
37447,14112,36420
37448,14113,36415
37449,14114,36411
37450,14115,36420
37451,14116,36421
37452,14117,36411
37453,14119,36416
37454,14120,36415
37455,14121,36419
37456,14122,36420
37457,14123,36420
37458,14124,36420
37459,14125,36411
37460,14126,36422
37461,14127,36413
37462,14128,36425
37463,14129,36423
37464,14130,36411
37465,14131,36411
37466,14132,36420
37467,14133,36426
37468,14134,36415
37469,14135,36422
37470,14136,36412
37471,14137,36414
37472,14138,36422
37473,14139,36419
37474,14140,36429
37475,15571,36448
37476,15572,36448
37477,15573,36449
37478,15574,36448
37479,15575,36449
37480,15576,36450
37481,15577,36451
37482,15578,36449
37483,15579,36451
37484,15580,36448
37485,15581,36449
37486,15582,36450
37487,15583,36448
37488,15584,36450
37489,15585,36451
37490,15586,36451
37491,15587,36451
37492,15588,36451
37493,15589,36451
37494,15590,36450
37495,15591,36451
37496,15592,36449
37497,15593,36449
37498,15594,36449
37499,15595,36451
37500,15596,36450
37501,15597,36451
37502,15598,36451
37503,15599,36450
37504,15600,36448
37505,15601,36449
37506,15602,36450
37507,15603,36448
37508,15604,36450
37509,15605,36451
37510,15606,36451
37511,15607,36449
37512,15608,36451
37513,15609,36452
37514,15610,36452
37515,15611,36452
37516,15612,36452
37517,15613,36452
37518,15614,36452
37519,15615,36452
37520,15616,36453
37521,15617,36452
37522,15618,36452
37523,15619,36453
37524,15620,36452
37525,15621,36453
37526,15622,36453
37527,15623,36452
37528,15624,36452
37529,15625,36453
37530,15626,36452
37531,15627,36453
37532,15628,36452
37533,15629,36452
37534,15630,36452
37535,15631,36452
37536,15632,36453
37537,15633,36452
37538,15634,36452
37539,15635,36452
37540,15636,36453
37541,15637,36452
37542,15638,36452
37543,15639,36452
37544,15640,36453
37545,15641,36453
37546,15642,36453
37547,15643,36452
37548,15644,36452
37549,15645,36452
37550,15646,36452
37551,15647,36453
37552,15648,36453
37553,15649,36452
37554,15650,36453
37555,15651,36452
37556,15652,36452
37557,15653,36453
37558,15654,36454
37559,15655,36455
37560,15656,36456
37561,15657,36455
37562,15658,36455
37563,15659,36456
37564,15660,36456
37565,15661,36454
37566,15662,36456
37567,15663,36456
37568,15664,36455
37569,15665,36456
37570,15666,36456
37571,15667,36454
37572,15668,36456
37573,15669,36455
37574,15670,36455
37575,15671,36454
37576,15672,36455
37577,15673,36454
37578,15674,36454
37579,15675,36455
37580,15676,36456
37581,15677,36456
37582,15678,36455
37583,15679,36456
37584,15680,36454
37585,15681,36456
37586,15682,36456
37587,15683,36455
37588,15684,36454
37589,15685,36454
37590,15686,36454
37591,15687,36454
37592,15688,36455
37593,15689,36456
37594,15690,36455
37595,15691,36454
37596,15692,36454
37597,15693,36455
37598,15694,36455
37599,15695,36454
37600,15696,36456
37601,15697,36455
37602,15698,36456
37603,15699,36456
37604,15700,36456
37605,15701,36456
37606,15702,36456
37607,15703,36456
37608,15704,36454
37609,15705,36456
37610,15706,36454
37611,15707,36456
37612,15708,36456
37613,15709,36456
37614,15710,36455
37615,15711,36455
37616,15712,36456
37617,15713,36456
37618,15714,36455
37619,15715,36454
37620,15716,36455
37621,15717,36456
37622,15718,36455
37623,15719,36456
37624,15720,36455
37625,15721,36454
37626,15722,36456
37627,15723,36456
37628,15724,36456
37629,15725,36456
37630,15726,36456
37631,15727,36455
37632,15728,36455
37633,15729,36454
37634,15730,36454
37635,15731,36454
37636,15732,36454
37637,15733,36456
37638,15734,36455
37639,15735,36455
37640,15736,36454
37641,15737,36456
37642,15738,36455
37643,15739,36454
37644,15740,36454
37645,15741,36456
37646,15742,36455
37647,15743,36455
37648,15744,36455
37649,15745,36455
37650,15746,36455
37651,15747,36455
37652,15748,36456
37653,15749,36456
37654,15750,36455
37655,15751,36457
37656,15752,36458
37657,15753,36458
37658,15754,36457
37659,15755,36457
37660,15756,36457
37661,15757,36459
37662,15758,36459
37663,15759,36459
37664,15760,36459
37665,15761,36457
37666,15762,36458
37667,15763,36458
37668,15764,36459
37669,15765,36458
37670,15766,36457
37671,15767,36458
37672,15768,36458
37673,15769,36459
37674,15770,36457
37675,15838,36460
37676,15839,36461
37677,15840,36462
37678,15841,36463
37679,15842,36462
37680,15843,36464
37681,15844,36461
37682,15845,36461
37683,15846,36461
37684,15847,36463
37685,15848,36460
37686,15849,36463
37687,15850,36463
37688,15851,36461
37689,15852,36461
37690,15853,36462
37691,15854,36462
37692,15855,36462
37693,15856,36462
37694,15857,36464
37695,15858,36463
37696,15859,36460
37697,15860,36464
37698,15861,36460
37699,15862,36463
37700,15863,36461
37701,15864,36462
37702,15865,36460
37703,15866,36462
37704,15867,36463
37705,15868,36461
37706,15869,36463
37707,15870,36463
37708,15871,36463
37709,15872,36460
37710,15873,36461
37711,15874,36462
37712,15875,36462
37713,15876,36462
37714,15877,36463
37715,15878,36461
37716,15879,36463
37717,15880,36462
37718,15881,36462
37719,15882,36462
37720,15883,36460
37721,15884,36463
37722,15885,36463
37723,15886,36461
37724,15887,36463
37725,15888,36464
37726,15889,36463
37727,15890,36461
37728,15891,36463
37729,15892,36463
37730,15893,36463
37731,15894,36463
37732,15895,36461
37733,15896,36460
37734,15897,36463
37735,15898,36463
37736,15899,36462
37737,15900,36463
37738,15901,36463
37739,15902,36463
37740,15903,36461
37741,15904,36463
37742,15905,36461
37743,15906,36463
37744,15907,36462
37745,15908,36463
37746,15909,36463
37747,15910,36460
37748,15911,36462
37749,15912,36464
37750,15913,36461
37751,15914,36462
37752,15915,36462
37753,15916,36462
37754,15917,36462
37755,15918,36462
37756,15919,36462
37757,15920,36463
37758,15921,36462
37759,15922,36461
37760,15923,36464
37761,15924,36462
37762,15925,36461
37763,15926,36461
37764,15927,36463
37765,15928,36462
37766,15929,36462
37767,15930,36464
37768,15931,36461
37769,15932,36462
37770,15933,36462
37771,15934,36461
37772,15935,36464
37773,15936,36463
37774,15937,36463
37775,15938,36461
37776,15939,36460
37777,15940,36463
37778,15941,36464
37779,15942,36462
37780,15943,36463
37781,15944,36462
37782,15945,36462
37783,15946,36464
37784,15947,36462
37785,15948,36462
37786,15949,36461
37787,15950,36460
37788,15951,36463
37789,15952,36463
37790,15953,36463
37791,15954,36461
37792,15955,36462
37793,15956,36461
37794,15957,36463
37795,15958,36461
37796,15959,36461
37797,15960,36460
37798,15961,36463
37799,15962,36462
37800,15963,36461
37801,15964,36461
37802,15965,36463
37803,15966,36462
37804,15967,36463
37805,15968,36463
37806,15969,36460
37807,15970,36460
37808,15971,36461
37809,15972,36463
37810,15973,36462
37811,15974,36461
37812,15975,36462
37813,15976,36462
37814,15977,36461
37815,15978,36462
37816,15979,36463
37817,15980,36463
37818,15981,36464
37819,15982,36463
37820,15983,36462
37821,15984,36462
37822,15985,36461
37823,15986,36463
37824,15987,36463
37825,15988,36461
37826,15989,36463
37827,15990,36463
37828,15991,36461
37829,15992,36462
37830,15993,36462
37831,15994,36463
37832,15995,36461
37833,15996,36463
37834,15997,36463
37835,15998,36461
37836,15999,36461
37837,16000,36463
37838,16001,36461
37839,16002,36460
37840,16003,36462
37841,16004,36463
37842,16005,36460
37843,16006,36463
37844,16007,36461
37845,16008,36462
37846,16009,36462
37847,16010,36463
37848,16011,36461
37849,16012,36461
37850,16013,36463
37851,16014,36464
37852,16015,36463
37853,16016,36461
37854,16017,36460
37855,16018,36463
37856,16019,36460
37857,16020,36462
37858,16021,36464
37859,16022,36460
37860,16023,36463
37861,16024,36464
37862,16025,36463
37863,16026,36461
37864,16027,36463
37865,16028,36462
37866,16029,36464
37867,16030,36461
37868,16031,36463
37869,16032,36463
37870,16033,36461
37871,16034,36463
37872,16035,36464
37873,16036,36462
37874,16037,36463
37875,16038,36460
37876,16039,36464
37877,16040,36461
37878,16041,36460
37879,16042,36463
37880,16043,36464
37881,16044,36461
37882,16045,36460
37883,16046,36461
37884,16047,36463
37885,16048,36463
37886,16049,36462
37887,16050,36463
37888,16051,36462
37889,16052,36461
37890,16053,36463
37891,16054,36461
37892,16055,36463
37893,16056,36462
37894,16057,36461
37895,16058,36462
37896,16059,36463
37897,16060,36461
37898,16061,36462
37899,16062,36460
37900,16063,36463
37901,16064,36461
37902,16065,36463
37903,16066,36462
37904,16067,36462
37905,16068,36462
37906,16069,36462
37907,16070,36464
37908,16071,36463
37909,16072,36463
37910,16073,36463
37911,16074,36462
37912,16075,36461
37913,16076,36462
37914,16077,36462
37915,16078,36463
37916,16079,36461
37917,16080,36464
37918,16081,36463
37919,16082,36462
37920,16083,36463
37921,16084,36463
37922,16085,36461
37923,16086,36462
37924,16087,36462
37925,16088,36460
37926,16089,36462
37927,16090,36462
37928,16091,36462
37929,16092,36463
37930,16093,36463
37931,16094,36460
37932,16095,36462
37933,16096,36464
37934,16097,36463
37935,16098,36460
37936,16099,36460
37937,16100,36462
37938,16101,36461
37939,16102,36463
37940,16103,36463
37941,16104,36462
37942,16105,36463
37943,16106,36462
37944,16107,36460
37945,16108,36462
37946,16109,36460
37947,16110,36463
37948,16111,36463
37949,16112,36461
37950,16113,36463
37951,16114,36463
37952,16115,36461
37953,16116,36462
37954,16117,36461
37955,16118,36462
37956,16119,36460
37957,16120,36463
37958,16121,36462
37959,16122,36461
37960,16123,36462
37961,16124,36463
37962,16125,36462
37963,16126,36463
37964,16127,36460
37965,16128,36462
37966,16129,36464
37967,16130,36463
37968,16131,36463
37969,16132,36462
37970,16133,36461
37971,16134,36462
37972,16135,36462
37973,16136,36463
37974,16137,36463
37975,16138,36464
37976,16139,36463
37977,16140,36461
37978,16141,36461
37979,16142,36462
37980,16143,36462
37981,16144,36463
37982,16145,36460
37983,16146,36461
37984,16147,36462
37985,16148,36463
37986,16149,36462
37987,16150,36461
37988,16151,36464
37989,16152,36463
37990,16153,36462
37991,16154,36463
37992,16155,36462
37993,16156,36462
37994,16157,36463
37995,16158,36460
37996,16159,36460
37997,16160,36463
37998,16161,36461
37999,16162,36463
38000,16163,36463
38001,16164,36463
38002,16165,36461
38003,16166,36461
38004,16167,36461
38005,16168,36462
38006,16169,36463
38007,16170,36462
38008,16171,36462
38009,16172,36463
38010,16173,36460
38011,16174,36462
38012,16175,36463
38013,16176,36463
38014,16177,36463
38015,16178,36461
38016,16179,36463
38017,16180,36463
38018,16181,36460
38019,16182,36461
38020,16183,36461
38021,16184,36463
38022,16185,36461
38023,16186,36464
38024,16187,36462
38025,16188,36463
38026,16189,36461
38027,16190,36463
38028,16191,36462
38029,16192,36462
38030,16193,36462
38031,16194,36461
38032,16195,36461
38033,16196,36462
38034,16197,36464
38035,16198,36462
38036,16199,36463
38037,16200,36463
38038,16201,36463
38039,16202,36463
38040,16203,36463
38041,16204,36462
38042,16205,36461
38043,16206,36462
38044,16207,36461
38045,16208,36461
38046,16209,36462
38047,16210,36463
38048,16211,36462
38049,16212,36463
38050,16213,36463
38051,16214,36462
38052,16215,36463
38053,16216,36461
38054,16217,36460
38055,16218,36462
38056,16219,36462
38057,16220,36463
38058,16221,36463
38059,16222,36463
38060,16223,36461
38061,16224,36464
38062,16225,36460
38063,16226,36463
38064,16227,36462
38065,16228,36461
38066,16229,36463
38067,16230,36462
38068,16231,36462
38069,16232,36463
38070,16233,36464
38071,16234,36462
38072,16235,36462
38073,16236,36462
38074,16237,36464
38075,16238,36462
38076,16239,36463
38077,16240,36463
38078,16241,36460
38079,16242,36464
38080,16243,36463
38098,16244,36463
38099,16245,36462
38100,16246,36462
38101,16247,36463
38102,16248,36463
38103,16249,36462
38104,16250,36462
38105,16251,36464
38106,16252,36461
38107,16253,36463
38108,16254,36464
38109,16255,36461
38110,16256,36462
38111,16257,36463
38112,16258,36463
38113,16259,36460
38114,16260,36463
38115,16261,36462
38116,16262,36462
38117,16263,36462
38118,16264,36461
38119,16265,36463
38120,16266,36461
38121,16267,36463
38122,16268,36464
38123,16269,36463
38124,16270,36463
38125,16271,36463
38126,16272,36461
38127,16273,36463
38128,16274,36463
38129,16275,36462
38130,16276,36462
38131,16277,36463
38132,16278,36461
38133,16279,36460
38134,16280,36463
38135,16281,36463
38136,16282,36464
38137,16283,36461
38138,16284,36463
38139,16285,36464
38140,16286,36462
38141,16287,36460
38142,16288,36463
38143,16289,36462
38144,16290,36463
38145,16291,36464
38146,16292,36461
38147,16293,36461
38148,16294,36462
38149,16295,36460
38150,16296,36462
38151,16297,36460
38152,16298,36463
38153,16299,36461
38154,16300,36461
38155,16301,36463
38156,16302,36462
38157,16303,36463
38158,16304,36463
38159,16305,36464
38160,16306,36463
38161,16307,36463
38162,16308,36462
38163,16309,36463
38164,16310,36460
38165,16311,36460
38166,16312,36463
38167,16313,36463
38168,16314,36463
38169,16315,36461
38170,16316,36463
38171,16317,36460
38172,16318,36462
38173,16319,36463
38174,16320,36463
38175,16321,36463
38176,16322,36462
38177,16323,36463
38178,16324,36463
38179,16325,36461
38180,16326,36462
38181,16327,36463
38182,16328,36464
38183,16329,36463
38184,16330,36460
38185,16331,36463
38186,16332,36462
38187,16333,36464
38188,16334,36463
38189,16335,36462
38190,16336,36461
38191,16337,36460
38192,16338,36461
38193,16339,36461
38194,16340,36464
38195,16341,36462
38196,16342,36460
38197,16343,36462
38198,16344,36463
38199,16345,36462
38200,16346,36464
38201,16347,36463
38202,16348,36462
38203,16349,36461
38204,16350,36460
38205,16351,36461
38206,16352,36463
38207,16353,36462
38208,16354,36462
38209,16355,36464
38210,16356,36463
38211,16357,36461
38212,16358,36463
38213,16359,36461
38214,16360,36464
38215,16361,36463
38216,16362,36463
38217,16363,36463
38218,16364,36463
38219,16365,36463
38220,16410,36470
38221,16411,36471
38222,16412,36472
38223,16413,36471
38224,16414,36472
38225,16415,36473
38226,16416,36474
38227,16417,36475
38228,16418,36475
38229,16419,36475
38230,16420,36474
38231,16421,36475
38232,16422,36475
38233,16423,36472
38234,16424,36471
38235,16425,36470
38236,16426,36473
38237,16427,36476
38238,16428,36470
38239,16429,36477
38240,16430,36476
38241,16431,36471
38242,16432,36476
38243,16433,36475
38244,16434,36475
38245,16435,36476
38246,16436,36475
38247,16437,36470
38248,16438,36472
38249,16439,36472
38250,16440,36474
38251,16441,36476
38252,16442,36475
38253,16443,36470
38254,16444,36475
38255,16445,36475
38256,16446,36475
38257,16447,36475
38258,16448,36476
38259,16449,36475
38260,16450,36475
38261,16451,36475
38262,16452,36472
38263,16453,36475
38264,16454,36471
38265,16455,36471
38266,16456,36472
38267,16457,36474
38268,16458,36473
38269,16459,36471
38270,16460,36471
38271,16461,36475
38272,16462,36475
38273,16463,36475
38274,16464,36472
38275,16465,36476
38276,16466,36470
38277,16467,36477
38278,16468,36470
38279,16469,36472
38280,16470,36470
38281,16471,36471
38282,16472,36472
38283,16473,36473
38284,16474,36471
38285,16475,36478
38286,16476,36472
38287,16477,36472
38288,16478,36470
38289,16479,36471
38290,16480,36475
38291,16481,36475
38292,16482,36475
38293,16483,36473
38294,16484,36476
38295,16485,36470
38296,16486,36474
38297,16487,36475
38298,16488,36471
38299,16489,36475
38300,16490,36475
38301,16491,36475
38302,16492,36476
38303,16493,36475
38304,16494,36475
38305,16495,36473
38306,16496,36474
38307,16497,36475
38308,16498,36475
38309,16499,36474
38310,16500,36470
38311,16501,36477
38312,16502,36475
38313,16503,36475
38314,16504,36472
38315,16505,36472
38316,16506,36479
38317,16507,36471
38318,16508,36470
38319,16509,36475
38320,16510,36475
38321,16511,36477
38322,16512,36470
38323,16513,36475
38324,16514,36475
38325,16515,36472
38326,16516,36473
38327,16517,36476
38328,16518,36473
38329,16519,36475
38330,16520,36473
38331,16521,36470
38332,16522,36476
38333,16523,36472
38334,16524,36479
38335,16525,36474
38336,16526,36473
38337,16527,36475
38338,16528,36471
38339,16529,36473
38340,16530,36475
38341,16531,36473
38342,16532,36477
38343,16533,36473
38344,16534,36475
38345,16535,36472
38346,16536,36475
38347,16537,36474
38348,16538,36473
38349,16539,36473
38350,16540,36475
38351,16541,36475
38352,16542,36475
38353,16543,36470
38354,16544,36471
38355,16545,36472
38356,16546,36475
38357,16547,36474
38358,16548,36475
38359,16549,36476
38360,16550,36476
38361,16551,36470
38362,16552,36476
38363,16553,36479
38364,16554,36477
38365,16555,36475
38366,16556,36477
38367,16557,36471
38368,16558,36475
38369,16559,36472
38370,16560,36475
38371,16561,36475
38372,16562,36476
38373,16563,36472
38374,16564,36479
38375,16565,36476
38376,16566,36477
38377,16567,36473
38378,16568,36476
38379,16569,36479
38380,16570,36471
38381,16571,36471
38382,16572,36472
38383,16573,36471
38384,16574,36477
38385,16575,36470
38386,16576,36477
38387,16577,36472
38388,16578,36471
38389,16579,36470
38390,16580,36474
38391,16581,36473
38392,16582,36471
38393,16583,36470
38394,16584,36471
38395,16585,36470
38396,16586,36476
38397,16587,36472
